capture,env,day,time,duration_s,label,activity,nonhuman,source,camera_fraction,camera_edited,use,reason
20260909_200646,1,20260909,20:06:46,59,occupied,unknown,0,camera,1.000,0,0,one-minute file before the protocol started (20260929)
20260921_001737,1,20260921,00:17:37,74,,,0,,,0,0,one-minute file before the protocol started (20260929)
20260929_202503,1,20260929,20:25:03,58,empty,none,0,camera,0.000,0,1,
20260929_203003,1,20260929,20:30:03,58,empty,none,0,camera,0.000,0,1,
20260929_203502,1,20260929,20:35:02,58,empty,none,0,camera,0.000,0,1,
20260929_204003,1,20260929,20:40:03,58,empty,none,0,camera,0.000,0,1,
20260929_204502,1,20260929,20:45:02,59,empty,none,0,camera,0.000,0,1,
20260929_205002,1,20260929,20:50:02,59,empty,none,0,camera,0.000,0,1,
20260929_205502,1,20260929,20:55:02,58,empty,none,0,camera,0.000,0,1,
20260929_210002,1,20260929,21:00:02,59,empty,none,0,camera,0.000,0,1,
20260929_210503,1,20260929,21:05:03,58,empty,none,0,camera,0.000,0,1,
20260929_211003,1,20260929,21:10:03,58,empty,none,0,camera,0.000,0,1,
20260929_211502,1,20260929,21:15:02,58,empty,none,0,camera,0.000,0,1,
20260929_212002,1,20260929,21:20:02,59,empty,none,0,camera,0.000,0,1,
20260929_212503,1,20260929,21:25:03,58,empty,none,0,camera,0.000,0,1,
20260929_213002,1,20260929,21:30:02,58,empty,none,0,camera,0.000,0,1,
20260929_213502,1,20260929,21:35:02,58,empty,none,0,camera,0.000,0,1,
20260929_214003,1,20260929,21:40:03,59,empty,none,0,camera,0.000,0,1,
20260929_214502,1,20260929,21:45:02,58,empty,none,0,camera,0.000,0,1,
20260929_215002,1,20260929,21:50:02,59,empty,none,0,camera,0.000,0,1,
20260929_215502,1,20260929,21:55:02,58,empty,none,0,camera,0.000,0,1,
20260929_220002,1,20260929,22:00:02,58,empty,none,0,camera,0.000,0,1,
20260929_220502,1,20260929,22:05:02,58,empty,none,0,camera,0.000,0,1,
20260929_221002,1,20260929,22:10:02,59,empty,none,0,camera,0.000,0,1,
20260929_221502,1,20260929,22:15:02,59,empty,none,0,camera,0.000,0,1,
20260929_222003,1,20260929,22:20:03,58,empty,none,0,camera,0.000,0,1,
20260929_222502,1,20260929,22:25:02,58,empty,none,0,camera,0.000,0,1,
20260929_223002,1,20260929,22:30:02,58,empty,none,0,camera,0.000,0,1,
20260929_223503,1,20260929,22:35:03,58,empty,none,0,camera,0.000,0,1,
20260929_224002,1,20260929,22:40:02,58,empty,none,0,camera,0.000,0,1,
20260929_224502,1,20260929,22:45:02,58,empty,none,0,camera,0.000,0,1,
20260929_225002,1,20260929,22:50:02,58,empty,none,0,camera,0.000,0,1,
20260929_225503,1,20260929,22:55:03,59,empty,none,0,camera,0.000,0,1,
20260929_230003,1,20260929,23:00:03,58,empty,none,0,camera,0.000,0,1,
20260929_230503,1,20260929,23:05:03,59,empty,none,0,camera,0.000,0,1,
20260929_231003,1,20260929,23:10:03,58,empty,none,0,camera,0.000,0,1,
20260929_231502,1,20260929,23:15:02,58,empty,none,0,camera,0.000,0,1,
20260929_232003,1,20260929,23:20:03,58,empty,none,0,camera,0.000,0,1,
20260929_232503,1,20260929,23:25:03,58,empty,none,0,camera,0.000,0,1,
20260929_233002,1,20260929,23:30:02,58,empty,none,0,camera,0.000,0,1,
20260929_233503,1,20260929,23:35:03,58,empty,none,0,camera,0.000,0,1,
20260929_234002,1,20260929,23:40:02,58,empty,none,0,camera,0.000,0,1,
20260929_234502,1,20260929,23:45:02,58,empty,none,0,camera,0.000,0,1,
20260929_235002,1,20260929,23:50:02,58,empty,none,0,camera,0.000,0,1,
20260929_235502,1,20260929,23:55:02,59,empty,none,0,camera,0.000,0,1,
20260930_000003,1,20260930,00:00:03,58,empty,none,0,camera,0.000,0,1,
20260930_000502,1,20260930,00:05:02,58,empty,none,0,camera,0.000,0,1,
20260930_001002,1,20260930,00:10:02,58,empty,none,0,camera,0.000,0,1,
20260930_001502,1,20260930,00:15:02,59,empty,none,0,camera,0.000,0,1,
20260930_002002,1,20260930,00:20:02,58,empty,none,0,camera,0.000,0,1,
20260930_002502,1,20260930,00:25:02,58,empty,none,0,camera,0.000,0,1,
20260930_003002,1,20260930,00:30:02,59,empty,none,0,camera,0.000,0,1,
20260930_003503,1,20260930,00:35:03,58,empty,none,0,camera,0.000,0,1,
20260930_004003,1,20260930,00:40:03,58,empty,none,0,camera,0.000,0,1,
20260930_004503,1,20260930,00:45:03,59,empty,none,0,camera,0.000,0,1,
20260930_005002,1,20260930,00:50:02,58,empty,none,0,camera,0.000,0,1,
20260930_005503,1,20260930,00:55:03,59,empty,none,0,camera,0.000,0,1,
20260930_010002,1,20260930,01:00:02,59,empty,none,0,camera,0.000,0,1,
20260930_010503,1,20260930,01:05:03,59,empty,none,0,camera,0.000,0,1,
20260930_011002,1,20260930,01:10:02,58,empty,none,0,camera,0.000,0,1,
20260930_011502,1,20260930,01:15:02,58,empty,none,0,camera,0.000,0,1,
20260930_012002,1,20260930,01:20:02,58,empty,none,0,camera,0.000,0,1,
20260930_012502,1,20260930,01:25:02,58,empty,none,0,camera,0.000,0,1,
20260930_013002,1,20260930,01:30:02,58,empty,none,0,camera,0.000,0,1,
20260930_013503,1,20260930,01:35:03,59,empty,none,0,camera,0.000,0,1,
20260930_014002,1,20260930,01:40:02,59,empty,none,0,camera,0.000,0,1,
20260930_014503,1,20260930,01:45:03,58,empty,none,0,camera,0.000,0,1,
20260930_015002,1,20260930,01:50:02,58,empty,none,0,camera,0.000,0,1,
20260930_015503,1,20260930,01:55:03,58,empty,none,0,camera,0.000,0,1,
20260930_020002,1,20260930,02:00:02,59,empty,none,0,camera,0.000,0,1,
20260930_020503,1,20260930,02:05:03,59,empty,none,0,camera,0.000,0,1,
20260930_021003,1,20260930,02:10:03,58,empty,none,0,camera,0.000,0,1,
20260930_021503,1,20260930,02:15:03,58,empty,none,0,camera,0.000,0,1,
20260930_022002,1,20260930,02:20:02,58,empty,none,0,camera,0.000,0,1,
20260930_022502,1,20260930,02:25:02,58,empty,none,0,camera,0.000,0,1,
20260930_023003,1,20260930,02:30:03,58,empty,none,0,camera,0.000,0,1,
20260930_023502,1,20260930,02:35:02,58,empty,none,0,camera,0.000,0,1,
20260930_024003,1,20260930,02:40:03,58,empty,none,0,camera,0.000,0,1,
20260930_024502,1,20260930,02:45:02,58,empty,none,0,camera,0.000,0,1,
20260930_025002,1,20260930,02:50:02,58,empty,none,0,camera,0.000,0,1,
20260930_025503,1,20260930,02:55:03,59,empty,none,0,camera,0.000,0,1,
20260930_030002,1,20260930,03:00:02,59,empty,none,0,camera,0.000,0,1,
20260930_030503,1,20260930,03:05:03,58,empty,none,0,camera,0.000,0,1,
20260930_031002,1,20260930,03:10:02,58,empty,none,0,camera,0.000,0,1,
20260930_031502,1,20260930,03:15:02,58,empty,none,0,camera,0.000,0,1,
20260930_032002,1,20260930,03:20:02,58,empty,none,0,camera,0.000,0,1,
20260930_032502,1,20260930,03:25:02,58,empty,none,0,camera,0.000,0,1,
20260930_033003,1,20260930,03:30:03,58,empty,none,0,camera,0.000,0,1,
20260930_033502,1,20260930,03:35:02,58,empty,none,0,camera,0.000,0,1,
20260930_034002,1,20260930,03:40:02,58,empty,none,0,camera,0.000,0,1,
20260930_034502,1,20260930,03:45:02,58,empty,none,0,camera,0.000,0,1,
20260930_035003,1,20260930,03:50:03,58,empty,none,0,camera,0.000,0,1,
20260930_035502,1,20260930,03:55:02,58,empty,none,0,camera,0.000,0,1,
20260930_040003,1,20260930,04:00:03,58,empty,none,0,camera,0.000,0,1,
20260930_040502,1,20260930,04:05:02,59,empty,none,0,camera,0.000,0,1,
20260930_041002,1,20260930,04:10:02,58,empty,none,0,camera,0.000,0,1,
20260930_041502,1,20260930,04:15:02,58,empty,none,0,camera,0.000,0,1,
20260930_042002,1,20260930,04:20:02,58,empty,none,0,camera,0.000,0,1,
20260930_042502,1,20260930,04:25:02,58,empty,none,0,camera,0.000,0,1,
20260930_043002,1,20260930,04:30:02,58,empty,none,0,camera,0.000,0,1,
20260930_043502,1,20260930,04:35:02,58,empty,none,0,camera,0.000,0,1,
20260930_044002,1,20260930,04:40:02,58,empty,none,0,camera,0.000,0,1,
20260930_044502,1,20260930,04:45:02,58,empty,none,0,camera,0.000,0,1,
20260930_045002,1,20260930,04:50:02,58,empty,none,0,camera,0.000,0,1,
20260930_045503,1,20260930,04:55:03,58,empty,none,0,camera,0.000,0,1,
20260930_050002,1,20260930,05:00:02,58,empty,none,0,camera,0.000,0,1,
20260930_050503,1,20260930,05:05:03,58,empty,none,0,camera,0.000,0,1,
20260930_051003,1,20260930,05:10:03,58,empty,none,0,camera,0.000,0,1,
20260930_051502,1,20260930,05:15:02,59,empty,none,0,camera,0.000,0,1,
20260930_052002,1,20260930,05:20:02,58,empty,none,0,camera,0.000,0,1,
20260930_052503,1,20260930,05:25:03,58,empty,none,0,camera,0.000,0,1,
20260930_053003,1,20260930,05:30:03,59,empty,none,0,camera,0.000,0,1,
20260930_053502,1,20260930,05:35:02,58,empty,none,0,camera,0.000,0,1,
20260930_054003,1,20260930,05:40:03,59,empty,none,0,camera,0.000,0,1,
20260930_054502,1,20260930,05:45:02,59,empty,none,0,camera,0.000,0,1,
20260930_055002,1,20260930,05:50:02,58,empty,none,0,camera,0.000,0,1,
20260930_055503,1,20260930,05:55:03,58,empty,none,0,camera,0.000,0,1,
20260930_060003,1,20260930,06:00:03,58,empty,none,0,camera,0.000,0,1,
20260930_060503,1,20260930,06:05:03,58,empty,none,0,camera,0.000,0,1,
20260930_061002,1,20260930,06:10:02,58,empty,none,0,camera,0.000,0,1,
20260930_061503,1,20260930,06:15:03,58,empty,none,0,camera,0.000,0,1,
20260930_062003,1,20260930,06:20:03,58,empty,none,0,camera,0.000,0,1,
20260930_062503,1,20260930,06:25:03,59,empty,none,0,camera,0.000,0,1,
20260930_063003,1,20260930,06:30:03,58,empty,none,0,camera,0.000,0,1,
20260930_063502,1,20260930,06:35:02,59,empty,none,0,camera,0.000,0,1,
20260930_064002,1,20260930,06:40:02,58,empty,none,0,camera,0.000,0,1,
20260930_064502,1,20260930,06:45:02,59,empty,none,0,camera,0.000,0,1,
20260930_065003,1,20260930,06:50:03,58,empty,none,0,camera,0.000,0,1,
20260930_065502,1,20260930,06:55:02,58,empty,none,0,camera,0.000,0,1,
20260930_070002,1,20260930,07:00:02,58,empty,none,0,camera,0.000,0,1,
20260930_070502,1,20260930,07:05:02,58,empty,none,0,camera,0.000,0,1,
20260930_071002,1,20260930,07:10:02,58,empty,none,0,camera,0.000,0,1,
20260930_071503,1,20260930,07:15:03,58,empty,none,0,camera,0.000,0,1,
20260930_072003,1,20260930,07:20:03,58,empty,none,0,camera,0.000,0,1,
20260930_072503,1,20260930,07:25:03,58,empty,none,0,camera,0.000,0,1,
20260930_073002,1,20260930,07:30:02,58,empty,none,0,camera,0.000,0,1,
20260930_073503,1,20260930,07:35:03,58,empty,none,0,camera,0.000,0,1,
20260930_074002,1,20260930,07:40:02,58,empty,none,0,camera,0.000,0,1,
20260930_074503,1,20260930,07:45:03,59,empty,none,0,camera,0.000,0,1,
20260930_075002,1,20260930,07:50:02,59,empty,none,0,camera,0.000,0,1,
20260930_075503,1,20260930,07:55:03,58,empty,none,0,camera,0.000,0,1,
20260930_080002,1,20260930,08:00:02,58,empty,none,0,camera,0.000,0,1,
20260930_080503,1,20260930,08:05:03,58,empty,none,0,camera,0.000,0,1,
20260930_081003,1,20260930,08:10:03,58,empty,none,0,camera,0.000,0,1,
20260930_081502,1,20260930,08:15:02,58,empty,none,0,camera,0.000,0,1,
20260930_082002,1,20260930,08:20:02,58,empty,none,0,camera,0.000,0,1,
20260930_082502,1,20260930,08:25:02,58,empty,none,0,camera,0.000,0,1,
20260930_083002,1,20260930,08:30:02,59,empty,none,0,camera,0.000,0,1,
20260930_083502,1,20260930,08:35:02,58,empty,none,0,camera,0.000,0,1,
20260930_084002,1,20260930,08:40:02,58,empty,none,0,camera,0.000,0,1,
20260930_084502,1,20260930,08:45:02,58,empty,none,0,camera,0.000,0,1,
20260930_085002,1,20260930,08:50:02,58,empty,none,0,camera,0.000,0,1,
20260930_085502,1,20260930,08:55:02,59,empty,none,0,camera,0.000,0,1,
20260930_090003,1,20260930,09:00:03,58,empty,none,0,camera,0.000,0,1,
20260930_090503,1,20260930,09:05:03,58,empty,none,0,camera,0.000,0,1,
20260930_091002,1,20260930,09:10:02,58,empty,none,0,camera,0.000,0,1,
20260930_091503,1,20260930,09:15:03,58,empty,none,0,camera,0.000,0,1,
20260930_092002,1,20260930,09:20:02,58,empty,none,0,camera,0.000,0,1,
20260930_092503,1,20260930,09:25:03,58,empty,none,0,camera,0.000,0,1,
20260930_093003,1,20260930,09:30:03,58,empty,none,0,camera,0.000,0,1,
20260930_093503,1,20260930,09:35:03,58,empty,none,0,camera,0.000,0,1,
20260930_094002,1,20260930,09:40:02,58,empty,none,0,camera,0.000,0,1,
20260930_094503,1,20260930,09:45:03,58,empty,none,0,camera,0.000,0,1,
20260930_095002,1,20260930,09:50:02,58,empty,none,0,camera,0.000,0,1,
20260930_095503,1,20260930,09:55:03,58,empty,none,0,camera,0.000,0,1,
20260930_100003,1,20260930,10:00:03,58,empty,none,0,camera,0.000,0,1,
20260930_100502,1,20260930,10:05:02,59,empty,none,0,camera,0.000,0,1,
20260930_101002,1,20260930,10:10:02,58,empty,none,0,camera,0.000,0,1,
20260930_101503,1,20260930,10:15:03,58,empty,none,0,camera,0.000,0,1,
20260930_102003,1,20260930,10:20:03,58,empty,none,0,camera,0.000,0,1,
20260930_102502,1,20260930,10:25:02,58,empty,none,0,camera,0.000,0,1,
20260930_103002,1,20260930,10:30:02,59,empty,none,0,camera,0.000,0,1,
20260930_103502,1,20260930,10:35:02,59,empty,none,0,camera,0.000,0,1,
20260930_104002,1,20260930,10:40:02,58,empty,none,0,camera,0.000,0,1,
20260930_104503,1,20260930,10:45:03,58,empty,none,0,camera,0.000,0,1,
20260930_105002,1,20260930,10:50:02,58,empty,none,0,camera,0.000,0,1,
20260930_105503,1,20260930,10:55:03,59,empty,none,0,camera,0.000,0,1,
20260930_110002,1,20260930,11:00:02,58,empty,none,0,camera,0.000,0,1,
20260930_110502,1,20260930,11:05:02,59,empty,none,0,camera,0.000,0,1,
20260930_111003,1,20260930,11:10:03,59,empty,none,0,camera,0.000,0,1,
20260930_111503,1,20260930,11:15:03,58,empty,none,0,camera,0.000,0,1,
20260930_112002,1,20260930,11:20:02,58,empty,none,0,camera,0.000,0,1,
20260930_112502,1,20260930,11:25:02,58,empty,none,0,camera,0.000,0,1,
20260930_113003,1,20260930,11:30:03,58,empty,none,0,camera,0.000,0,1,
20260930_113502,1,20260930,11:35:02,58,empty,none,0,camera,0.000,0,1,
20260930_114002,1,20260930,11:40:02,58,empty,none,0,camera,0.000,0,1,
20260930_114502,1,20260930,11:45:02,59,empty,none,0,camera,0.000,0,1,
20260930_115002,1,20260930,11:50:02,58,empty,none,0,camera,0.000,0,1,
20260930_115502,1,20260930,11:55:02,58,empty,none,0,camera,0.000,0,1,
20260930_120003,1,20260930,12:00:03,58,empty,none,0,camera,0.000,0,1,
20260930_120503,1,20260930,12:05:03,58,empty,none,0,camera,0.000,0,1,
20260930_121003,1,20260930,12:10:03,58,empty,none,0,camera,0.000,0,1,
20260930_121503,1,20260930,12:15:03,58,empty,none,0,camera,0.000,0,1,
20260930_122003,1,20260930,12:20:03,58,empty,none,0,camera,0.000,0,1,
20260930_122503,1,20260930,12:25:03,58,empty,none,0,camera,0.000,0,1,
20260930_123002,1,20260930,12:30:02,58,empty,none,0,camera,0.000,0,1,
20260930_123502,1,20260930,12:35:02,58,empty,none,0,camera,0.000,0,1,
20260930_124002,1,20260930,12:40:02,58,empty,none,0,camera,0.000,0,1,
20260930_124503,1,20260930,12:45:03,58,empty,none,0,camera,0.000,0,1,
20260930_125002,1,20260930,12:50:02,58,occupied,unknown,0,camera,0.525,0,0,camera partial (0.53): person entering or leaving
20260930_125502,1,20260930,12:55:02,59,occupied,unknown,0,camera,1.000,0,1,
20260930_130002,1,20260930,13:00:02,59,occupied,unknown,0,camera,1.000,0,1,
20260930_130503,1,20260930,13:05:03,59,occupied,unknown,0,camera,1.000,0,1,
20260930_131002,1,20260930,13:10:02,58,occupied,unknown,0,camera,1.000,0,1,
20260930_131502,1,20260930,13:15:02,58,occupied,unknown,0,camera,1.000,0,1,
20260930_132002,1,20260930,13:20:02,59,occupied,unknown,0,camera,1.000,0,1,
20260930_132502,1,20260930,13:25:02,59,occupied,unknown,0,camera,1.000,0,1,
20260930_133002,1,20260930,13:30:02,59,occupied,unknown,0,camera,1.000,0,1,
20260930_133503,1,20260930,13:35:03,59,occupied,unknown,0,camera,1.000,0,1,
20260930_134003,1,20260930,13:40:03,58,occupied,unknown,0,camera,1.000,0,1,
20260930_134503,1,20260930,13:45:03,58,occupied,unknown,0,camera,1.000,0,1,
20260930_135002,1,20260930,13:50:02,58,occupied,unknown,0,camera,1.000,0,1,
20260930_135503,1,20260930,13:55:03,58,occupied,unknown,0,camera,1.000,0,1,
20260930_140002,1,20260930,14:00:02,58,occupied,unknown,0,camera,1.000,0,1,
20260930_140502,1,20260930,14:05:02,58,occupied,unknown,0,camera,1.000,0,1,
20260930_141002,1,20260930,14:10:02,58,occupied,unknown,0,camera,1.000,0,1,
20260930_141503,1,20260930,14:15:03,58,occupied,unknown,0,camera,1.000,0,1,
20260930_142003,1,20260930,14:20:03,58,occupied,unknown,0,camera,0.983,0,1,
20260930_142503,1,20260930,14:25:03,59,occupied,unknown,0,camera,1.000,0,1,
20260930_143002,1,20260930,14:30:02,59,occupied,unknown,0,camera,1.000,0,1,
20260930_143502,1,20260930,14:35:02,58,occupied,unknown,0,camera,1.000,0,1,
20260930_144003,1,20260930,14:40:03,59,occupied,unknown,0,camera,1.000,0,1,
20260930_144502,1,20260930,14:45:02,58,occupied,unknown,0,camera,1.000,0,1,
20260930_145003,1,20260930,14:50:03,59,occupied,unknown,0,camera,1.000,0,1,
20260930_145502,1,20260930,14:55:02,58,occupied,unknown,0,camera,1.000,0,1,
20260930_150003,1,20260930,15:00:03,58,occupied,unknown,0,camera,1.000,0,1,
20260930_150503,1,20260930,15:05:03,58,occupied,unknown,0,camera,1.000,0,1,
20260930_151003,1,20260930,15:10:03,58,occupied,unknown,0,camera,1.000,0,1,
20260930_151503,1,20260930,15:15:03,58,occupied,unknown,0,camera,1.000,0,1,
20260930_152002,1,20260930,15:20:02,58,occupied,unknown,0,camera,1.000,0,1,
20260930_152502,1,20260930,15:25:02,59,occupied,unknown,0,camera,1.000,0,1,
20260930_153002,1,20260930,15:30:02,58,occupied,unknown,0,camera,1.000,0,1,
20260930_153502,1,20260930,15:35:02,59,occupied,unknown,0,camera,1.000,0,1,
20260930_154002,1,20260930,15:40:02,59,occupied,unknown,0,camera,1.000,0,1,
20260930_154503,1,20260930,15:45:03,59,empty,none,0,camera,0.000,0,1,
20260930_155002,1,20260930,15:50:02,58,empty,none,0,camera,0.000,0,1,
20260930_155502,1,20260930,15:55:02,59,empty,none,0,camera,0.000,0,1,
20260930_160002,1,20260930,16:00:02,58,empty,none,0,camera,0.000,0,1,
20260930_160503,1,20260930,16:05:03,58,empty,none,0,camera,0.000,0,1,
20260930_161002,1,20260930,16:10:02,58,empty,none,0,camera,0.000,0,1,
20260930_161502,1,20260930,16:15:02,59,empty,none,0,camera,0.000,0,1,
20260930_162002,1,20260930,16:20:02,58,empty,none,0,camera,0.000,0,1,
20260930_162502,1,20260930,16:25:02,58,empty,none,0,camera,0.000,0,1,
20260930_163002,1,20260930,16:30:02,58,empty,none,0,camera,0.000,0,1,
20260930_163502,1,20260930,16:35:02,58,empty,none,0,camera,0.000,0,1,
20260930_164003,1,20260930,16:40:03,58,empty,none,0,camera,0.000,0,1,
20260930_164502,1,20260930,16:45:02,58,empty,none,0,camera,0.000,0,1,
20260930_165003,1,20260930,16:50:03,58,empty,none,0,camera,0.000,0,1,
20260930_165502,1,20260930,16:55:02,58,empty,none,0,camera,0.000,0,1,
20260930_170002,1,20260930,17:00:02,59,empty,none,0,camera,0.000,0,1,
20260930_170502,1,20260930,17:05:02,58,empty,none,0,camera,0.000,0,1,
20260930_171002,1,20260930,17:10:02,59,empty,none,0,camera,0.000,0,1,
20260930_171502,1,20260930,17:15:02,58,empty,none,0,camera,0.000,0,1,
20260930_172003,1,20260930,17:20:03,58,empty,none,0,camera,0.000,0,1,
20260930_172503,1,20260930,17:25:03,58,empty,none,0,camera,0.000,0,1,
20260930_173002,1,20260930,17:30:02,58,empty,none,0,camera,0.000,0,1,
20260930_173502,1,20260930,17:35:02,58,empty,none,0,camera,0.000,0,1,
20260930_174003,1,20260930,17:40:03,58,empty,none,0,camera,0.000,0,1,
20260930_174502,1,20260930,17:45:02,59,empty,none,0,camera,0.000,0,1,
20260930_175003,1,20260930,17:50:03,59,,,0,,,0,0,no camera sidecar
20260930_175503,1,20260930,17:55:03,58,empty,none,0,camera,0.000,0,1,
20260930_180002,1,20260930,18:00:02,59,occupied,unknown,0,camera,1.000,0,1,
20260930_180502,1,20260930,18:05:02,59,empty,none,0,camera,0.000,0,0,"camera-blind block: detector fired steadily between occupied captures, undecidable"
20260930_181003,1,20260930,18:10:03,58,empty,none,0,camera,0.000,0,0,"camera-blind block: detector fired steadily between occupied captures, undecidable"
20260930_181502,1,20260930,18:15:02,58,empty,none,0,camera,0.000,0,0,"camera-blind block: detector fired steadily between occupied captures, undecidable"
20260930_182002,1,20260930,18:20:02,58,empty,none,0,camera,0.000,0,0,"camera-blind block: detector fired steadily between occupied captures, undecidable"
20260930_182503,1,20260930,18:25:03,58,empty,none,0,camera,0.000,0,0,"camera-blind block: detector fired steadily between occupied captures, undecidable"
20260930_183002,1,20260930,18:30:02,59,occupied,unknown,0,camera,1.000,0,1,
20260930_183502,1,20260930,18:35:02,58,occupied,unknown,0,camera,1.000,0,1,
20260930_184003,1,20260930,18:40:03,58,occupied,unknown,0,camera,1.000,0,1,
20260930_184502,1,20260930,18:45:02,58,occupied,unknown,0,camera,1.000,0,1,
20260930_185003,1,20260930,18:50:03,59,occupied,unknown,0,camera,1.000,0,1,
20260930_185503,1,20260930,18:55:03,59,occupied,unknown,0,camera,1.000,0,1,
20260930_190003,1,20260930,19:00:03,58,occupied,unknown,0,camera,1.000,0,1,
20260930_190503,1,20260930,19:05:03,58,occupied,unknown,0,camera,1.000,0,1,
20260930_191003,1,20260930,19:10:03,59,occupied,unknown,0,camera,1.000,0,1,
20260930_191502,1,20260930,19:15:02,58,occupied,unknown,0,camera,1.000,0,1,
20260930_192003,1,20260930,19:20:03,58,occupied,unknown,0,camera,1.000,0,1,
20260930_192502,1,20260930,19:25:02,58,occupied,unknown,0,camera,1.000,0,1,
20260930_193003,1,20260930,19:30:03,58,occupied,unknown,0,camera,1.000,0,1,
20260930_193503,1,20260930,19:35:03,58,occupied,unknown,0,camera,1.000,0,1,
20260930_194003,1,20260930,19:40:03,59,occupied,unknown,0,camera,1.000,0,1,
20260930_194503,1,20260930,19:45:03,59,occupied,unknown,0,camera,1.000,0,1,
20260930_195002,1,20260930,19:50:02,58,occupied,unknown,0,camera,0.508,0,0,camera partial (0.51): person entering or leaving
20260930_195502,1,20260930,19:55:02,58,occupied,unknown,0,camera,1.000,0,1,
20260930_200003,1,20260930,20:00:03,59,occupied,unknown,0,camera,1.000,0,1,
20260930_200502,1,20260930,20:05:02,58,occupied,unknown,0,camera,1.000,0,1,
20260930_201002,1,20260930,20:10:02,59,occupied,unknown,0,camera,1.000,0,1,
20260930_201503,1,20260930,20:15:03,58,occupied,unknown,0,camera,1.000,0,1,
20260930_202002,1,20260930,20:20:02,58,occupied,unknown,0,camera,0.712,0,0,camera partial (0.71): person entering or leaving
20260930_202503,1,20260930,20:25:03,58,empty,none,0,camera,0.000,0,1,
20261001_151502,2,20261001,15:15:02,59,empty,none,0,table,0.000,0,1,
20261001_151803,2,20261001,15:18:03,58,empty,none,0,table,0.000,0,1,
20261001_152102,2,20261001,15:21:02,58,occupied,unknown,0,camera,1.000,0,0,not in the operator table
20261001_152402,2,20261001,15:24:02,58,occupied,unknown,0,camera,0.949,0,0,not in the operator table
20261001_152702,2,20261001,15:27:02,59,occupied,unknown,0,camera,1.000,0,0,not in the operator table
20261001_153002,2,20261001,15:30:02,58,empty,none,0,camera,0.000,0,0,not in the operator table
20261001_153302,2,20261001,15:33:02,59,occupied,unknown,0,sidecar,0.000,0,0,not in the operator table (sidecar: person_moving_outside_view_beyond_3m)
20261001_153603,2,20261001,15:36:03,58,occupied,unknown,0,camera,1.000,1,0,not in the operator table
20261001_153902,2,20261001,15:39:02,58,occupied,unknown,0,camera,1.000,1,0,not in the operator table
20261001_154202,2,20261001,15:42:02,58,occupied,unknown,0,camera,0.983,0,0,not in the operator table
20261001_154502,2,20261001,15:45:02,58,occupied,unknown,0,camera,1.000,0,0,not in the operator table
20261001_154803,2,20261001,15:48:03,58,occupied,unknown,0,camera,1.000,0,0,not in the operator table
20261001_155103,2,20261001,15:51:03,59,occupied,unknown,0,camera,1.000,0,0,not in the operator table
20261001_155403,2,20261001,15:54:03,58,empty,none,0,table,0.000,0,1,
20261001_155703,2,20261001,15:57:03,58,empty,none,0,table,0.000,0,1,
20261001_160002,2,20261001,16:00:02,58,empty,none,0,table,0.000,0,1,
20261001_160302,2,20261001,16:03:02,58,empty,none,0,table,0.000,0,1,
20261001_160603,2,20261001,16:06:03,58,empty,none,0,table,0.000,0,1,
20261001_184202,2,20261001,18:42:02,58,occupied,small_move,0,table,1.000,0,1,
20261001_184503,2,20261001,18:45:03,58,occupied,small_move,0,table,1.000,0,1,
20261001_184802,2,20261001,18:48:02,59,occupied,small_move,0,table,1.000,0,1,
20261001_185103,2,20261001,18:51:03,58,occupied,small_move,0,table,1.000,0,1,
20261001_185402,2,20261001,18:54:02,59,occupied,small_move,0,table,1.000,0,1,
20261001_185703,2,20261001,18:57:03,58,occupied,small_move,0,table,1.000,0,1,
20261001_190002,2,20261001,19:00:02,58,occupied,large_move,0,table,1.000,0,1,
20261001_190302,2,20261001,19:03:02,58,occupied,large_move,0,table,1.000,0,1,
20261001_190603,2,20261001,19:06:03,59,occupied,small_move,0,table,1.000,0,1,
20261001_190902,2,20261001,19:09:02,58,occupied,small_move,0,table,1.000,0,1,
20261001_191203,2,20261001,19:12:03,59,occupied,small_move,0,table,1.000,0,1,
20261001_191503,2,20261001,19:15:03,59,occupied,large_move,0,table,1.000,0,1,
20261001_191802,2,20261001,19:18:02,58,occupied,large_move,0,table,1.000,0,1,
20261001_192103,2,20261001,19:21:03,59,occupied,small_move,0,table,1.000,0,1,
20261001_192402,2,20261001,19:24:02,58,occupied,small_move,0,table,1.000,0,1,
20261001_192702,2,20261001,19:27:02,59,occupied,large_move,0,table,1.000,0,1,
20261001_193002,2,20261001,19:30:02,58,occupied,small_move,0,table,1.000,0,1,
20261001_193603,2,20261001,19:36:03,59,occupied,large_move,0,table,1.000,0,1,
20261001_193902,2,20261001,19:39:02,59,occupied,large_move,0,table,1.000,0,1,
20261001_194202,2,20261001,19:42:02,59,occupied,large_move,0,table,1.000,0,1,
20261001_194503,2,20261001,19:45:03,58,occupied,small_move,0,table,1.000,0,1,
20261001_194802,2,20261001,19:48:02,58,occupied,large_move,0,table,1.000,0,1,
20261001_195102,2,20261001,19:51:02,58,occupied,small_move,0,table,1.000,0,1,
20261001_195402,2,20261001,19:54:02,59,occupied,large_move,0,table,1.000,0,1,
20261001_195702,2,20261001,19:57:02,58,occupied,small_move,0,table,1.000,0,1,
20261001_200002,2,20261001,20:00:02,58,occupied,standing_walk,0,table,1.000,0,1,
20261001_200302,2,20261001,20:03:02,58,occupied,standing_walk,0,table,0.983,0,1,
20261001_200603,2,20261001,20:06:03,58,empty,none,0,table,0.000,0,1,
20261001_200903,2,20261001,20:09:03,58,empty,none,0,table,0.068,0,1,
20261001_201202,2,20261001,20:12:02,58,empty,none,0,table,0.017,0,1,
20261002_020003,2,20261002,02:00:03,58,empty,none,0,table,0.000,0,1,
20261002_020302,2,20261002,02:03:02,59,empty,none,0,table,0.000,0,1,
20261002_020603,2,20261002,02:06:03,58,empty,none,0,table,0.000,0,1,
20261002_020903,2,20261002,02:09:03,58,empty,none,0,table,0.000,0,1,
20261002_021203,2,20261002,02:12:03,58,empty,none,0,table,0.000,0,1,
20261002_021503,2,20261002,02:15:03,59,empty,none,0,table,0.000,0,1,
20261002_021802,2,20261002,02:18:02,58,empty,none,0,table,0.000,0,1,
20261002_022103,2,20261002,02:21:03,58,empty,none,0,table,0.000,0,1,
20261002_022403,2,20261002,02:24:03,58,empty,none,0,table,0.000,0,1,
20261002_022702,2,20261002,02:27:02,59,empty,none,0,table,0.000,0,1,
20261002_023002,2,20261002,02:30:02,59,empty,none,0,table,0.000,0,1,
20261002_023302,2,20261002,02:33:02,58,empty,none,0,table,0.000,0,1,
20261002_023603,2,20261002,02:36:03,58,empty,none,0,table,0.000,0,1,
20261002_023903,2,20261002,02:39:03,59,empty,none,0,table,0.000,0,1,
20261002_024203,2,20261002,02:42:03,58,empty,none,0,table,0.000,0,1,
20261002_024502,2,20261002,02:45:02,59,empty,none,0,table,0.000,0,1,
20261002_024803,2,20261002,02:48:03,58,empty,none,0,table,0.000,0,1,
20261002_025103,2,20261002,02:51:03,59,empty,none,0,table,0.000,0,1,
20261002_025402,2,20261002,02:54:02,58,empty,none,0,table,0.000,0,1,
20261002_025703,2,20261002,02:57:03,58,empty,none,0,table,0.000,0,1,
20261002_030003,2,20261002,03:00:03,59,empty,none,0,table,0.000,0,1,
20261002_030302,2,20261002,03:03:02,58,empty,none,0,table,0.000,0,1,
20261002_030602,2,20261002,03:06:02,58,empty,none,0,table,0.000,0,1,
20261002_030902,2,20261002,03:09:02,59,empty,none,0,table,0.000,0,1,
20261002_031202,2,20261002,03:12:02,58,empty,none,0,table,0.000,0,1,
20261002_031503,2,20261002,03:15:03,58,empty,none,0,table,0.000,0,1,
20261002_031802,2,20261002,03:18:02,59,empty,none,0,table,0.000,0,1,
20261002_032103,2,20261002,03:21:03,58,empty,none,0,table,0.000,0,1,
20261002_032403,2,20261002,03:24:03,58,empty,none,0,table,0.000,0,1,
20261002_032703,2,20261002,03:27:03,58,empty,none,0,table,0.000,0,1,
20261002_033002,2,20261002,03:30:02,58,empty,none,0,table,0.000,0,1,
20261002_033302,2,20261002,03:33:02,58,empty,none,0,table,0.000,0,1,
20261002_033603,2,20261002,03:36:03,58,empty,none,0,table,0.000,0,1,
20261002_033902,2,20261002,03:39:02,58,empty,none,0,table,0.000,0,1,
20261002_034202,2,20261002,03:42:02,58,empty,none,0,table,0.000,0,1,
20261002_034502,2,20261002,03:45:02,58,empty,none,0,table,0.000,0,1,
20261002_034802,2,20261002,03:48:02,58,empty,none,0,table,0.000,0,1,
20261002_035102,2,20261002,03:51:02,58,empty,none,0,table,0.000,0,1,
20261002_035402,2,20261002,03:54:02,58,empty,none,0,table,0.000,0,1,
20261002_035703,2,20261002,03:57:03,58,empty,none,0,table,0.000,0,1,
20261002_040002,2,20261002,04:00:02,59,empty,none,0,table,0.000,0,1,
20261002_040303,2,20261002,04:03:03,58,empty,none,0,table,0.000,0,1,
20261002_040602,2,20261002,04:06:02,58,empty,none,0,table,0.000,0,1,
20261002_040903,2,20261002,04:09:03,58,empty,none,0,table,0.000,0,1,
20261002_041203,2,20261002,04:12:03,58,empty,none,0,table,0.000,0,1,
20261002_041502,2,20261002,04:15:02,58,empty,none,0,table,0.000,0,1,
20261002_041803,2,20261002,04:18:03,58,empty,none,0,table,0.000,0,1,
20261002_042103,2,20261002,04:21:03,59,empty,none,0,table,0.000,0,1,
20261002_042403,2,20261002,04:24:03,58,empty,none,0,table,0.000,0,1,
20261002_042702,2,20261002,04:27:02,58,empty,none,0,table,0.000,0,1,
20261002_171803,2,20261002,17:18:03,59,occupied,large_move,0,table,1.000,0,1,
20261002_172403,2,20261002,17:24:03,58,occupied,large_move,0,table,1.000,0,1,
20261002_172702,2,20261002,17:27:02,58,occupied,static,0,table,1.000,0,1,
20261002_173002,2,20261002,17:30:02,59,occupied,static,0,table,1.000,0,1,
20261002_173302,2,20261002,17:33:02,59,occupied,static,0,table,1.000,0,1,
20261002_173602,2,20261002,17:36:02,59,occupied,small_move,0,table,1.000,0,1,
20261002_173902,2,20261002,17:39:02,59,occupied,small_move,0,table,1.000,0,1,
20261002_174203,2,20261002,17:42:03,58,occupied,large_move,0,table,1.000,0,1,
20261002_174502,2,20261002,17:45:02,58,occupied,small_move,0,table,1.000,0,1,
20261002_174803,2,20261002,17:48:03,58,occupied,large_move,0,table,1.000,0,1,
20261002_175103,2,20261002,17:51:03,58,occupied,small_move,0,table,1.000,0,1,
20261002_175403,2,20261002,17:54:03,59,occupied,small_move,0,table,1.000,0,1,
20261002_175702,2,20261002,17:57:02,58,occupied,small_move,0,table,1.000,0,1,
20261002_180003,2,20261002,18:00:03,58,occupied,large_move,0,table,1.000,0,1,
20261002_180303,2,20261002,18:03:03,58,occupied,small_move,0,table,1.000,0,1,
20261002_180602,2,20261002,18:06:02,58,occupied,small_move,0,table,1.000,0,1,
20261002_182102,2,20261002,18:21:02,58,occupied,static,0,table,1.000,0,1,
20261002_182402,2,20261002,18:24:02,58,occupied,static,0,table,1.000,0,1,
20261002_182703,2,20261002,18:27:03,58,occupied,static,0,table,1.000,0,1,
20261002_195402,2,20261002,19:54:02,58,occupied,static,0,table,1.000,0,1,
20261002_195702,2,20261002,19:57:02,59,occupied,small_move,0,table,1.000,0,1,
20261002_200002,2,20261002,20:00:02,58,occupied,static,0,table,1.000,0,1,
20261002_200302,2,20261002,20:03:02,58,occupied,static,0,table,1.000,0,1,
20261002_200602,2,20261002,20:06:02,59,occupied,static,0,table,1.000,0,1,
20261002_200902,2,20261002,20:09:02,59,occupied,static,0,table,1.000,0,1,
20261002_201202,2,20261002,20:12:02,58,occupied,static,0,table,1.000,0,1,
20261002_201503,2,20261002,20:15:03,58,occupied,static,0,table,1.000,0,1,
20261002_201803,2,20261002,20:18:03,58,occupied,static,0,table,1.000,0,1,
20261002_202102,2,20261002,20:21:02,59,occupied,static,0,table,1.000,0,1,
20261002_202402,2,20261002,20:24:02,58,occupied,large_move,0,table,1.000,0,1,
20261002_202703,2,20261002,20:27:03,58,occupied,large_move,0,table,1.000,0,1,
20261002_203003,2,20261002,20:30:03,59,occupied,static,0,table,1.000,0,1,
20261002_203302,2,20261002,20:33:02,58,occupied,static,0,table,1.000,0,1,
20261002_203603,2,20261002,20:36:03,59,occupied,large_move,0,table,1.000,0,1,
20261002_203902,2,20261002,20:39:02,58,occupied,static,0,table,1.000,0,1,
20261002_204203,2,20261002,20:42:03,59,occupied,static,0,table,1.000,0,1,
20261005_123603,2,20261005,12:36:03,58,occupied,static,0,table,1.000,1,1,
20261005_123903,2,20261005,12:39:03,59,occupied,static,0,table,1.000,1,1,
20261005_124202,2,20261005,12:42:02,58,occupied,static,0,table,1.000,1,1,
20261005_124503,2,20261005,12:45:03,58,occupied,static,0,table,1.000,1,1,
20261005_124802,2,20261005,12:48:02,58,occupied,unknown,0,camera,1.000,1,0,not in the operator table
20261005_125703,2,20261005,12:57:03,58,occupied,static,0,table,1.000,1,1,
20261005_132702,2,20261005,13:27:02,58,occupied,static,0,table,1.000,1,1,
20261005_141903,2,20261005,14:19:03,59,occupied,static,0,table,1.000,1,1,
20261005_142202,2,20261005,14:22:02,58,occupied,static,0,table,1.000,1,1,
20261005_142503,2,20261005,14:25:03,58,occupied,static,0,table,1.000,1,1,
20261005_143003,2,20261005,14:30:03,58,occupied,static,0,table,1.000,1,1,
20261005_143302,2,20261005,14:33:02,58,occupied,static,0,table,1.000,1,1,
20261005_144901,2,20261005,14:49:01,58,occupied,static,0,table,1.000,1,1,
20261005_145007,2,20261005,14:50:07,59,occupied,static,0,table,1.000,1,1,
20261005_145113,2,20261005,14:51:13,58,occupied,static,0,table,1.000,1,1,
20261005_145218,2,20261005,14:52:18,58,occupied,static,0,table,1.000,1,1,
20261005_145324,2,20261005,14:53:24,58,occupied,static,0,table,1.000,1,1,
20261005_145429,2,20261005,14:54:29,58,occupied,static,0,table,1.000,1,1,
20261005_145534,2,20261005,14:55:34,58,occupied,static,0,table,1.000,1,1,
20261005_145640,2,20261005,14:56:40,58,occupied,static,0,table,1.000,1,1,
20261005_145746,2,20261005,14:57:46,58,occupied,static,0,table,1.000,1,1,
20261005_145851,2,20261005,14:58:51,58,occupied,static,0,table,1.000,1,1,
20261005_150701,2,20261005,15:07:01,58,occupied,static,0,table,1.000,1,1,
20261005_150806,2,20261005,15:08:06,59,occupied,static,0,table,1.000,1,1,
20261005_150912,2,20261005,15:09:12,58,occupied,unknown,0,camera,1.000,1,0,not in the operator table
20261005_151017,2,20261005,15:10:17,58,occupied,static,0,table,1.000,1,1,
20261005_151122,2,20261005,15:11:22,59,occupied,static,0,table,1.000,1,1,
20261005_151228,2,20261005,15:12:28,58,occupied,static,0,table,1.000,1,1,
20261005_151333,2,20261005,15:13:33,58,occupied,static,0,table,1.000,1,1,
20261005_151438,2,20261005,15:14:38,59,occupied,static,0,table,1.000,1,1,
20261005_151543,2,20261005,15:15:43,58,occupied,static,0,table,1.000,1,1,
20261005_151649,2,20261005,15:16:49,58,occupied,static,0,table,1.000,1,1,
20261005_153101,2,20261005,15:31:01,58,occupied,standing_walk,0,table,1.000,1,1,
20261005_153224,2,20261005,15:32:24,58,occupied,standing_walk,0,table,1.000,1,1,
20261005_155301,2,20261005,15:53:01,58,occupied,large_move,0,table,1.000,1,1,
20261005_155406,2,20261005,15:54:06,58,occupied,large_move,0,table,1.000,1,1,
20261005_155801,2,20261005,15:58:01,59,occupied,standing_walk,0,table,1.000,1,1,
20261005_155906,2,20261005,15:59:06,59,occupied,standing_walk,0,table,1.000,1,1,
20261005_160012,2,20261005,16:00:12,58,occupied,standing_walk,0,table,1.000,1,1,
20261005_160117,2,20261005,16:01:17,58,occupied,standing_walk,0,table,1.000,1,1,
20261005_160222,2,20261005,16:02:22,59,occupied,standing_walk,0,table,1.000,1,1,
20261005_160328,2,20261005,16:03:28,59,occupied,standing_walk,0,table,1.000,1,1,
20261005_160433,2,20261005,16:04:33,58,occupied,standing_walk,0,table,1.000,1,1,
20261005_160538,2,20261005,16:05:38,58,occupied,standing_walk,0,table,1.000,1,1,
20261005_160643,2,20261005,16:06:43,58,occupied,standing_walk,0,table,1.000,1,1,
20261005_160749,2,20261005,16:07:49,59,occupied,standing_walk,0,table,1.000,1,1,
20261005_161701,2,20261005,16:17:01,59,occupied,unknown,0,camera,1.000,1,0,not in the operator table
20261005_162001,2,20261005,16:20:01,58,occupied,unknown,0,camera,1.000,1,0,not in the operator table
20261005_162701,2,20261005,16:27:01,59,occupied,static,0,table,1.000,1,1,
20261005_162806,2,20261005,16:28:06,58,occupied,static,0,table,1.000,1,1,
20261005_162912,2,20261005,16:29:12,58,occupied,static,0,table,1.000,1,1,
20261005_163017,2,20261005,16:30:17,58,occupied,static,0,table,1.000,1,1,
20261005_163122,2,20261005,16:31:22,58,occupied,static,0,table,1.000,1,1,
20261005_163228,2,20261005,16:32:28,58,occupied,static,0,table,1.000,1,1,
20261005_163333,2,20261005,16:33:33,58,occupied,static,0,table,1.000,1,1,
20261005_163438,2,20261005,16:34:38,58,occupied,static,0,table,1.000,1,1,
20261005_163544,2,20261005,16:35:44,58,occupied,static,0,table,1.000,1,1,
20261005_163649,2,20261005,16:36:49,58,occupied,static,0,table,1.000,1,1,
20261005_164501,2,20261005,16:45:01,58,occupied,static,0,table,1.000,1,1,
20261005_164606,2,20261005,16:46:06,58,occupied,static,0,table,1.000,1,1,
20261005_164712,2,20261005,16:47:12,58,occupied,static,0,table,1.000,1,1,
20261005_164817,2,20261005,16:48:17,58,occupied,static,0,table,1.000,1,1,
20261005_164922,2,20261005,16:49:22,59,occupied,static,0,table,1.000,1,1,
20261005_165501,2,20261005,16:55:01,59,occupied,static,0,table,1.000,1,1,
20261005_180201,2,20261005,18:02:01,58,occupied,static,0,table,1.000,1,1,
20261005_180306,2,20261005,18:03:06,58,occupied,static,0,table,1.000,1,1,
20261005_205501,2,20261005,20:55:01,58,empty,robot_vacuum,1,table,0.000,0,1,
20261005_205606,2,20261005,20:56:06,58,empty,robot_vacuum,1,table,0.000,0,1,
20261005_205712,2,20261005,20:57:12,58,empty,robot_vacuum,1,table,0.000,0,1,
20261005_205817,2,20261005,20:58:17,58,empty,robot_vacuum,1,table,0.000,0,1,
20261005_205922,2,20261005,20:59:22,58,empty,robot_vacuum,1,table,0.000,0,1,
20261005_210028,2,20261005,21:00:28,59,empty,robot_vacuum,1,table,0.000,0,1,
20261005_210133,2,20261005,21:01:33,58,empty,robot_vacuum,1,table,0.000,0,1,
20261005_210238,2,20261005,21:02:38,58,empty,robot_vacuum,1,table,0.000,0,1,
20261005_210344,2,20261005,21:03:44,59,empty,robot_vacuum,1,table,0.000,0,1,
20261005_210449,2,20261005,21:04:49,58,empty,robot_vacuum,1,table,0.000,0,1,
20261006_132711,2,20261006,13:27:11,58,empty,robot_vacuum,1,table,0.000,0,1,
20261006_132816,2,20261006,13:28:16,58,empty,robot_vacuum,1,table,0.000,0,1,
20261006_132922,2,20261006,13:29:22,58,empty,robot_vacuum,1,table,0.000,0,1,
20261006_133028,2,20261006,13:30:28,58,empty,robot_vacuum,1,table,0.000,0,1,
20261006_133133,2,20261006,13:31:33,59,empty,robot_vacuum,1,table,0.000,0,1,
20261006_133239,2,20261006,13:32:39,58,empty,robot_vacuum,1,table,0.000,0,1,
20261006_133344,2,20261006,13:33:44,59,empty,robot_vacuum,1,table,0.000,0,1,
20261006_133450,2,20261006,13:34:50,58,empty,robot_vacuum,1,table,0.000,0,1,
20261006_133556,2,20261006,13:35:56,58,empty,robot_vacuum,1,table,0.000,0,1,
20261006_133701,2,20261006,13:37:01,58,empty,robot_vacuum,1,table,0.000,0,1,
20261006_133807,2,20261006,13:38:07,59,empty,robot_vacuum,1,table,0.000,0,1,
20261006_133912,2,20261006,13:39:12,58,empty,robot_vacuum,1,table,0.000,0,1,
20261006_134018,2,20261006,13:40:18,58,empty,robot_vacuum,1,table,0.000,0,1,
20261006_134123,2,20261006,13:41:23,58,empty,robot_vacuum,1,table,0.000,0,1,
20261006_134228,2,20261006,13:42:28,58,empty,robot_vacuum,1,table,0.000,0,1,
20261006_134443,2,20261006,13:44:43,58,empty,robot_vacuum,1,table,0.000,0,1,
20261006_134548,2,20261006,13:45:48,58,empty,robot_vacuum,1,table,0.000,0,1,
20261006_134654,2,20261006,13:46:54,58,empty,robot_vacuum,1,table,0.000,0,1,
20261006_144301,2,20261006,14:43:01,59,empty,robot_vacuum,1,table,0.000,0,1,
20261006_144407,2,20261006,14:44:07,58,empty,robot_vacuum,1,table,0.000,0,1,
20261006_144512,2,20261006,14:45:12,59,empty,robot_vacuum,1,table,0.000,0,1,
20261006_144618,2,20261006,14:46:18,58,empty,robot_vacuum,1,table,0.000,0,1,
20261006_144723,2,20261006,14:47:23,58,empty,robot_vacuum,1,table,0.000,0,1,
20261006_144829,2,20261006,14:48:29,58,empty,robot_vacuum,1,table,0.000,0,1,
20261006_144934,2,20261006,14:49:34,58,empty,robot_vacuum,1,table,0.000,0,1,
20261006_145040,2,20261006,14:50:40,58,empty,robot_vacuum,1,table,0.000,0,1,
20261006_145145,2,20261006,14:51:45,58,empty,robot_vacuum,1,table,0.000,0,1,
20261006_145250,2,20261006,14:52:50,59,empty,robot_vacuum,1,table,0.000,0,1,
20261006_145356,2,20261006,14:53:56,58,empty,robot_vacuum,1,table,0.000,0,1,
20261006_145501,2,20261006,14:55:01,58,empty,robot_vacuum,1,table,0.000,0,1,
20261006_152720,2,20261006,15:27:20,59,empty,robot_vacuum,1,table,0.000,0,1,
20261006_152825,2,20261006,15:28:25,59,empty,robot_vacuum,1,table,0.000,0,1,
20261006_152931,2,20261006,15:29:31,58,empty,robot_vacuum,1,table,0.000,0,1,
20261006_153036,2,20261006,15:30:36,58,empty,robot_vacuum,1,table,0.000,0,1,
20261006_153141,2,20261006,15:31:41,59,empty,robot_vacuum,1,table,0.000,0,1,
20261006_200331,2,20261006,20:03:31,59,occupied,static,0,sidecar,0.000,1,0,not in the operator table (sidecar: person_outside_camera_view_distance_test)
20261006_200852,2,20261006,20:08:52,59,occupied,static,0,sidecar,0.000,1,0,not in the operator table (sidecar: person_outside_camera_view_distance_test)
20261006_201213,2,20261006,20:12:13,58,occupied,static,0,sidecar,0.000,1,0,not in the operator table (sidecar: person_outside_camera_view_distance_test)
20261007_142632,2,20261007,14:26:32,58,empty,robot_vacuum,1,table,0.000,0,1,
20261007_142738,2,20261007,14:27:38,58,empty,robot_vacuum,1,table,0.000,0,1,
20261007_142843,2,20261007,14:28:43,58,empty,robot_vacuum,1,table,0.000,0,1,
20261007_142949,2,20261007,14:29:49,58,empty,robot_vacuum,1,table,0.000,0,1,
20261007_143055,2,20261007,14:30:55,59,empty,robot_vacuum,1,table,0.000,0,1,
20261007_143200,2,20261007,14:32:00,59,empty,robot_vacuum,1,table,0.000,0,1,
20261007_143305,2,20261007,14:33:05,59,empty,robot_vacuum,1,table,0.000,0,1,
20261007_143410,2,20261007,14:34:10,59,empty,robot_vacuum,1,table,0.000,0,1,
20261007_143516,2,20261007,14:35:16,59,empty,robot_vacuum,1,table,0.000,0,1,
20261007_143621,2,20261007,14:36:21,58,empty,robot_vacuum,1,table,0.000,0,1,
20261007_143726,2,20261007,14:37:26,58,empty,robot_vacuum,1,table,0.000,0,1,
20261007_143832,2,20261007,14:38:32,58,empty,robot_vacuum,1,table,0.000,0,1,
20261007_143937,2,20261007,14:39:37,59,empty,robot_vacuum,1,table,0.000,0,1,
20261007_153616,2,20261007,15:36:16,58,empty,robot_vacuum,1,table,0.000,0,1,
20261007_153722,2,20261007,15:37:22,58,empty,robot_vacuum,1,table,0.000,0,1,
20261007_153827,2,20261007,15:38:27,59,empty,robot_vacuum,1,table,0.000,0,1,
20261007_153933,2,20261007,15:39:33,58,empty,robot_vacuum,1,table,0.000,0,1,
20261007_154038,2,20261007,15:40:38,58,empty,robot_vacuum,1,table,0.000,0,1,
20261007_154143,2,20261007,15:41:43,58,empty,robot_vacuum,1,table,0.000,0,1,
20261007_154249,2,20261007,15:42:49,59,empty,robot_vacuum,1,table,0.000,0,1,
20261007_154354,2,20261007,15:43:54,58,empty,robot_vacuum,1,table,0.000,0,1,
20261007_154459,2,20261007,15:44:59,58,empty,robot_vacuum,1,table,0.000,0,1,
20261007_154605,2,20261007,15:46:05,58,empty,robot_vacuum,1,table,0.000,0,1,
20261007_154710,2,20261007,15:47:10,58,empty,robot_vacuum,1,table,0.000,0,1,
20261007_154815,2,20261007,15:48:15,58,empty,robot_vacuum,1,table,0.000,0,1,
20261007_154921,2,20261007,15:49:21,59,empty,robot_vacuum,1,table,0.000,0,1,
20261007_155638,2,20261007,15:56:38,58,empty,robot_vacuum,1,table,0.000,0,1,
20261007_155743,2,20261007,15:57:43,59,empty,robot_vacuum,1,table,0.000,0,1,
20261007_155848,2,20261007,15:58:48,58,empty,robot_vacuum,1,table,0.000,0,1,
20261007_155954,2,20261007,15:59:54,59,empty,robot_vacuum,1,table,0.000,0,1,
20261007_160059,2,20261007,16:00:59,58,empty,robot_vacuum,1,table,0.000,0,1,
20261007_160204,2,20261007,16:02:04,58,empty,robot_vacuum,1,table,0.000,0,1,
20261007_160310,2,20261007,16:03:10,58,empty,robot_vacuum,1,table,0.000,0,1,
20261008_200815,2,20261008,20:08:15,58,empty,fan_static,1,table,0.000,0,1,
20261008_200920,2,20261008,20:09:20,58,empty,fan_static,1,table,0.000,0,1,
20261008_201027,2,20261008,20:10:27,58,empty,fan_static,1,table,0.000,0,1,
20261008_201132,2,20261008,20:11:32,58,empty,fan_static,1,table,0.000,0,1,
20261008_201237,2,20261008,20:12:37,58,empty,fan_static,1,table,0.000,0,1,
20261008_201342,2,20261008,20:13:42,58,empty,fan_static,1,table,0.000,0,1,
20261008_201448,2,20261008,20:14:48,58,empty,fan_static,1,table,0.000,0,1,
20261008_201553,2,20261008,20:15:53,58,empty,fan_static,1,table,0.000,0,1,
20261008_201659,2,20261008,20:16:59,58,empty,fan_static,1,table,0.000,0,1,
20261008_201804,2,20261008,20:18:04,58,empty,fan_static,1,table,0.000,0,1,
20261008_201909,2,20261008,20:19:09,58,empty,fan_static,1,table,0.000,0,1,
20261008_202014,2,20261008,20:20:14,58,empty,fan_static,1,table,0.000,0,1,
20261008_202120,2,20261008,20:21:20,59,empty,fan_static,1,table,0.000,0,1,
20261008_202225,2,20261008,20:22:25,58,empty,fan_static,1,table,0.000,0,1,
20261008_202330,2,20261008,20:23:30,58,empty,fan_static,1,table,0.000,0,1,
20261008_202436,2,20261008,20:24:36,59,empty,fan_static,1,table,0.000,0,1,
20261008_202541,2,20261008,20:25:41,58,empty,fan_static,1,table,0.000,0,1,
20261008_202646,2,20261008,20:26:46,58,empty,fan_static,1,table,0.000,0,1,
20261008_202752,2,20261008,20:27:52,59,empty,fan_static,1,table,0.000,0,1,
20261008_202857,2,20261008,20:28:57,59,empty,fan_static,1,table,0.000,0,1,
20261008_203308,2,20261008,20:33:08,58,empty,fan_rotating,1,table,0.000,0,1,
20261008_203414,2,20261008,20:34:14,59,empty,fan_rotating,1,table,0.000,0,1,
20261008_203519,2,20261008,20:35:19,58,empty,fan_rotating,1,table,0.000,0,1,
20261008_203624,2,20261008,20:36:24,58,empty,fan_rotating,1,table,0.000,0,1,
20261008_203730,2,20261008,20:37:30,58,empty,fan_rotating,1,table,0.000,0,1,
20261009_104832,2,20261009,10:48:32,58,empty,fan_rotating,1,table,0.000,0,1,
20261009_104937,2,20261009,10:49:37,58,empty,fan_rotating,1,table,0.000,0,1,
20261009_105042,2,20261009,10:50:42,58,empty,fan_rotating,1,table,0.000,0,1,
20261009_105148,2,20261009,10:51:48,58,empty,fan_rotating,1,table,0.000,0,1,
20261009_105253,2,20261009,10:52:53,58,empty,fan_rotating,1,table,0.000,0,1,
20261009_105358,2,20261009,10:53:58,59,empty,fan_rotating,1,table,0.000,0,1,
20261009_105504,2,20261009,10:55:04,58,empty,fan_rotating,1,table,0.000,0,1,
20261009_105609,2,20261009,10:56:09,59,empty,fan_rotating,1,table,0.000,0,1,
20261009_105714,2,20261009,10:57:14,59,empty,fan_rotating,1,table,0.000,0,1,
20261009_105820,2,20261009,10:58:20,59,empty,fan_rotating,1,table,0.000,0,1,
20261009_105925,2,20261009,10:59:25,58,empty,fan_rotating,1,table,0.000,0,1,
20261009_110032,2,20261009,11:00:32,58,empty,fan_rotating,1,table,0.000,0,1,
20261009_110137,2,20261009,11:01:37,58,empty,fan_rotating,1,table,0.000,0,1,
20261009_110242,2,20261009,11:02:42,58,empty,fan_rotating,1,table,0.000,0,1,
20261009_110348,2,20261009,11:03:48,58,empty,fan_rotating,1,table,0.000,0,1,
20261009_110453,2,20261009,11:04:53,58,empty,fan_rotating,1,table,0.000,0,1,
20261009_110558,2,20261009,11:05:58,58,empty,fan_rotating,1,table,0.000,0,1,
20261009_110703,2,20261009,11:07:03,59,empty,fan_rotating,1,table,0.000,0,1,
20261009_110809,2,20261009,11:08:09,58,empty,fan_rotating,1,table,0.000,0,1,
20261009_110914,2,20261009,11:09:14,58,empty,fan_rotating,1,table,0.000,0,1,
20261009_111019,2,20261009,11:10:19,58,empty,fan_rotating,1,table,0.000,0,1,
20261009_111125,2,20261009,11:11:25,59,empty,fan_rotating,1,table,0.000,0,1,
20261009_111230,2,20261009,11:12:30,58,empty,fan_rotating,1,table,0.000,0,1,
20261009_111335,2,20261009,11:13:35,58,empty,fan_rotating,1,table,0.000,0,1,
20261009_111441,2,20261009,11:14:41,59,empty,fan_rotating,1,table,0.000,0,1,
20261009_111546,2,20261009,11:15:46,59,empty,fan_rotating,1,table,0.000,0,1,
20261009_111651,2,20261009,11:16:51,58,empty,fan_rotating,1,table,0.000,0,1,
20261009_111758,2,20261009,11:17:58,58,empty,fan_rotating,1,table,0.000,0,1,
20261009_111903,2,20261009,11:19:03,58,empty,fan_rotating,1,table,0.000,0,1,
20261009_112008,2,20261009,11:20:08,58,empty,fan_rotating,1,table,0.000,0,1,
20261009_112114,2,20261009,11:21:14,58,empty,fan_rotating,1,table,0.000,0,1,
20261009_112219,2,20261009,11:22:19,59,empty,fan_rotating,1,table,0.000,0,1,
20261009_112324,2,20261009,11:23:24,59,empty,fan_rotating,1,table,0.000,0,1,
20261009_112429,2,20261009,11:24:29,58,empty,fan_rotating,1,table,0.000,0,1,
20261009_112535,2,20261009,11:25:35,59,empty,fan_rotating,1,table,0.000,0,1,
20261009_112640,2,20261009,11:26:40,58,empty,fan_rotating,1,table,0.000,0,1,
20261009_112746,2,20261009,11:27:46,59,empty,fan_rotating,1,table,0.000,0,1,
20261009_112851,2,20261009,11:28:51,59,empty,fan_rotating,1,table,0.000,0,1,
20261009_112956,2,20261009,11:29:56,59,empty,fan_rotating,1,table,0.000,0,1,
20261009_113102,2,20261009,11:31:02,59,empty,fan_rotating,1,table,0.000,0,1,
20261009_113932,2,20261009,11:39:32,58,empty,fan_rotating,1,table,0.000,0,1,
20261009_114037,2,20261009,11:40:37,58,empty,fan_rotating,1,table,0.000,0,1,
20261009_114142,2,20261009,11:41:42,58,empty,fan_rotating,1,table,0.000,0,1,
20261009_114248,2,20261009,11:42:48,58,empty,fan_rotating,1,table,0.000,0,1,
20261009_114353,2,20261009,11:43:53,59,empty,fan_rotating,1,table,0.000,0,1,
20261009_114459,2,20261009,11:44:59,58,empty,fan_rotating,1,table,0.000,0,1,
20261009_114604,2,20261009,11:46:04,58,empty,fan_rotating,1,table,0.000,0,1,
20261009_114710,2,20261009,11:47:10,58,empty,fan_rotating,1,table,0.000,0,1,
20261009_114815,2,20261009,11:48:15,58,empty,fan_rotating,1,table,0.000,0,1,
20261009_114920,2,20261009,11:49:20,58,empty,fan_rotating,1,table,0.000,0,1,
20261009_115416,2,20261009,11:54:16,59,empty,fan_rotating,1,table,0.000,0,1,
20261009_115522,2,20261009,11:55:22,58,empty,fan_rotating,1,table,0.000,0,1,
20261009_115627,2,20261009,11:56:27,58,empty,fan_rotating,1,table,0.000,0,1,
20261009_115732,2,20261009,11:57:32,58,empty,fan_rotating,1,table,0.000,0,1,
20261009_115838,2,20261009,11:58:38,58,empty,fan_rotating,1,table,0.000,0,1,
20261009_115943,2,20261009,11:59:43,58,empty,fan_rotating,1,table,0.000,0,1,
20261009_120049,2,20261009,12:00:49,59,empty,fan_rotating,1,table,0.000,0,1,
20261009_120154,2,20261009,12:01:54,58,empty,fan_rotating,1,table,0.000,0,1,
20261009_120259,2,20261009,12:02:59,58,empty,fan_rotating,1,table,0.000,0,1,
20261009_120404,2,20261009,12:04:04,59,empty,fan_rotating,1,table,0.000,0,1,
20261009_120510,2,20261009,12:05:10,59,empty,fan_rotating,1,table,0.000,0,1,
20261009_120615,2,20261009,12:06:15,59,empty,fan_rotating,1,table,0.000,0,1,
20261009_120721,2,20261009,12:07:21,58,empty,fan_rotating,1,table,0.000,0,1,
20261009_120826,2,20261009,12:08:26,58,empty,fan_rotating,1,table,0.000,0,1,
20261009_120932,2,20261009,12:09:32,58,empty,fan_rotating,1,table,0.000,0,1,
20261009_121037,2,20261009,12:10:37,58,empty,fan_rotating,1,table,0.000,0,1,
20261009_121142,2,20261009,12:11:42,59,empty,fan_rotating,1,table,0.000,0,1,
20261009_121248,2,20261009,12:12:48,58,empty,fan_rotating,1,table,0.000,0,1,
20261009_121353,2,20261009,12:13:53,58,empty,fan_rotating,1,table,0.000,0,1,
20261009_121458,2,20261009,12:14:58,58,empty,fan_rotating,1,table,0.000,0,1,
20261009_121603,2,20261009,12:16:03,58,empty,fan_rotating,1,table,0.000,0,1,
20261009_121709,2,20261009,12:17:09,59,empty,fan_rotating,1,table,0.000,0,1,
20261009_121814,2,20261009,12:18:14,58,empty,fan_rotating,1,table,0.000,0,1,
20261009_121919,2,20261009,12:19:19,59,empty,fan_rotating,1,table,0.000,0,1,
20261009_122025,2,20261009,12:20:25,58,empty,fan_rotating,1,table,0.000,0,1,
